{"cameraMode":{"drawMode":0,"name":"Shaded","section":"Shading Mode"},"sceneLighting":false,"audioPlay":false,"sceneViewState":{"showFog":true,"showMaterialUpdate":false,"showSkybox":false,"showFlares":true,"showImageEffects":true,"showParticleSystems":true},"in2DMode":false,"pivot":{"x":-14.036908149719239,"y":0.9620621800422669,"z":-1.7517935037612916},"rotation":{"x":0.0020678143482655288,"y":0.9922680258750916,"z":-0.016681736335158349,"w":0.12296998500823975},"size":5.520265579223633,"orthographic":false}